Pregnancies,Glucose,BloodPressure,SkinThickness,Insulin,BMI,DiabetesPedigreeFunction,Age,y
12,151,70,40,271,41.8,0.742,38,1
1,172,68,49,579,42.4,0.702,28,1
2,81,60,22,0,27.7,0.29,25,0
8,120,86,0,0,28.4,0.259,22,1
4,183,0,0,0,28.4,0.212,36,1
1,125,50,40,167,33.3,0.962,28,1
2,197,70,99,0,34.7,0.575,62,1
3,74,68,28,45,29.7,0.293,23,0
5,147,78,0,0,33.7,0.218,65,0
0,119,64,18,92,34.9,0.725,23,0
